{
    "matrixSets": {
        "GIBS:EPSG3031_250m": {
            "id": "EPSG3031_250m",
            "origin": [-4194304, 4194304],
            "resolutions": [
                8192.0,
                4096.0,
                2048.0,
                1024.0,
                512.0,
                256.0
            ],
            "matrixIds": [0,1,2,3,4,5],
            "tileSize": 512
        },
        "GIBS:EPSG3413_250m": {
            "id": "EPSG3413_250m",
            "origin": [-4194304, 4194304],
            "resolutions": [
                8192.0,
                4096.0,
                2048.0,
                1024.0,
                512.0,
                256.0
            ],
            "matrixIds": [0,1,2,3,4,5],
            "tileSize": 512
        },
        "GIBS:EPSG4326_250m": {
            "id": "EPSG4326_250m",
            "origin": [-180, 90],
            "resolutions": [
                0.5625,
                0.28125,
                0.140625,
                0.0703125,
                0.03515625,
                0.017578125,
                0.0087890625,
                0.00439453125,
                0.002197265625
            ],
            "matrixIds": [0, 1, 2, 3, 4, 5, 6, 7, 8],
            "tileSize": 512
        }
    }
}