{
    "matrixSets": {
        "GIBS:EPSG4326_2km": {
            "id": "EPSG4326_2km",
            "origin": [-180, 90],
            "resolutions": [
                0.5625,
                0.28125,
                0.140625,
                0.0703125,
                0.03515625,
                0.017578125
            ],
            "matrixIds": [0, 1, 2, 3, 4, 5],
            "tileSize": 512
        }
    }
}